acc, name, organism, ncbi_taxon_id, disprot_id, region_id, start, end, term_namespace, term, ec, reference, region_sequence, confidence, obsolete, 
P37840, Alpha-synuclein, Homo sapiens, 9606, DP00070, DP00070r001, 1, 140, Structural state, IDPO:00076, ECO:0007689, pmid:8901511, MDVFMKGLSKAKEGVVAAAEKTKQGVAEAAGKTKEGVLYVGSKTKEGVVHGVATVAEKTKEQVTNVGGAVVTGVTAVAQKTVEGAGSIAAATGFVKKDQLGKNEEGAPQEGILEDMPVDPDNEAYEMPSEEGYQDYEPEA, , , 
P37840, Alpha-synuclein, Homo sapiens, 9606, DP00070, DP00070r002, 1, 140, Molecular function, GO:0008289, ECO:0007689, pmid:8901511, MDVFMKGLSKAKEGVVAAAEKTKQGVAEAAGKTKEGVLYVGSKTKEGVVHGVATVAEKTKEQVTNVGGAVVTGVTAVAQKTVEGAGSIAAATGFVKKDQLGKNEEGAPQEGILEDMPVDPDNEAYEMPSEEGYQDYEPEA, , , 
P37840, Alpha-synuclein, Homo sapiens, 9606, DP00070, DP00070r011, 1, 140, Structural state, IDPO:00076, ECO:0006204, pmid:22315227, MDVFMKGLSKAKEGVVAAAEKTKQGVAEAAGKTKEGVLYVGSKTKEGVVHGVATVAEKTKEQVTNVGGAVVTGVTAVAQKTVEGAGSIAAATGFVKKDQLGKNEEGAPQEGILEDMPVDPDNEAYEMPSEEGYQDYEPEA, , , 
P37840, Alpha-synuclein, Homo sapiens, 9606, DP00070, DP00070r012, 1, 140, Molecular function, GO:0008289, ECO:0006204, pmid:22315227, MDVFMKGLSKAKEGVVAAAEKTKQGVAEAAGKTKEGVLYVGSKTKEGVVHGVATVAEKTKEQVTNVGGAVVTGVTAVAQKTVEGAGSIAAATGFVKKDQLGKNEEGAPQEGILEDMPVDPDNEAYEMPSEEGYQDYEPEA, , , 
P37840, Alpha-synuclein, Homo sapiens, 9606, DP00070, DP00070r013, 42, 92, Structural state, IDPO:00076, ECO:0006289, pmid:20524659, SKTKEGVVHGVATVAEKTKEQVTNVGGAVVTGVTAVAQKTVEGAGSIAAAT, , , 
P37840, Alpha-synuclein, Homo sapiens, 9606, DP00070, DP00070r014, 42, 92, Structural transition, IDPO:00050, ECO:0006289, pmid:20524659, SKTKEGVVHGVATVAEKTKEQVTNVGGAVVTGVTAVAQKTVEGAGSIAAAT, , , 
P37840, Alpha-synuclein, Homo sapiens, 9606, DP00070, DP00070r015, 42, 92, Molecular function, GO:0008289, ECO:0006289, pmid:20524659, SKTKEGVVHGVATVAEKTKEQVTNVGGAVVTGVTAVAQKTVEGAGSIAAAT, , , 
P37840, Alpha-synuclein, Homo sapiens, 9606, DP00070, DP00070r016, 1, 140, Structural state, IDPO:00076, ECO:0006204, pmid:27628239, MDVFMKGLSKAKEGVVAAAEKTKQGVAEAAGKTKEGVLYVGSKTKEGVVHGVATVAEKTKEQVTNVGGAVVTGVTAVAQKTVEGAGSIAAATGFVKKDQLGKNEEGAPQEGILEDMPVDPDNEAYEMPSEEGYQDYEPEA, , , 
P37840, Alpha-synuclein, Homo sapiens, 9606, DP00070, DP00070r018, 1, 140, Structural transition, IDPO:00050, ECO:0006204, pmid:27628239, MDVFMKGLSKAKEGVVAAAEKTKQGVAEAAGKTKEGVLYVGSKTKEGVVHGVATVAEKTKEQVTNVGGAVVTGVTAVAQKTVEGAGSIAAATGFVKKDQLGKNEEGAPQEGILEDMPVDPDNEAYEMPSEEGYQDYEPEA, , , 
P37840, Alpha-synuclein, Homo sapiens, 9606, DP00070, DP00070r019, 1, 140, Molecular function, GO:0005515, ECO:0006204, pmid:27628239, MDVFMKGLSKAKEGVVAAAEKTKQGVAEAAGKTKEGVLYVGSKTKEGVVHGVATVAEKTKEQVTNVGGAVVTGVTAVAQKTVEGAGSIAAATGFVKKDQLGKNEEGAPQEGILEDMPVDPDNEAYEMPSEEGYQDYEPEA, , , 
P37840, Alpha-synuclein, Homo sapiens, 9606, DP00070, DP00070r020, 1, 140, Structural state, IDPO:00076, ECO:0006204, pmid:11286556, MDVFMKGLSKAKEGVVAAAEKTKQGVAEAAGKTKEGVLYVGSKTKEGVVHGVATVAEKTKEQVTNVGGAVVTGVTAVAQKTVEGAGSIAAATGFVKKDQLGKNEEGAPQEGILEDMPVDPDNEAYEMPSEEGYQDYEPEA, , , 
P37840, Alpha-synuclein, Homo sapiens, 9606, DP00070, DP00070r021, 1, 140, Molecular function, GO:0060090, ECO:0006204, pmid:11286556, MDVFMKGLSKAKEGVVAAAEKTKQGVAEAAGKTKEGVLYVGSKTKEGVVHGVATVAEKTKEQVTNVGGAVVTGVTAVAQKTVEGAGSIAAATGFVKKDQLGKNEEGAPQEGILEDMPVDPDNEAYEMPSEEGYQDYEPEA, , , 
P37840, Alpha-synuclein, Homo sapiens, 9606, DP00070, DP00070r022, 1, 140, Biological process, GO:0051179, ECO:0006204, pmid:11286556, MDVFMKGLSKAKEGVVAAAEKTKQGVAEAAGKTKEGVLYVGSKTKEGVVHGVATVAEKTKEQVTNVGGAVVTGVTAVAQKTVEGAGSIAAATGFVKKDQLGKNEEGAPQEGILEDMPVDPDNEAYEMPSEEGYQDYEPEA, , , 
P37840, Alpha-synuclein, Homo sapiens, 9606, DP00070, DP00070r024, 1, 102, Structural state, IDPO:00076, ECO:0006198, pmid:11286556, MDVFMKGLSKAKEGVVAAAEKTKQGVAEAAGKTKEGVLYVGSKTKEGVVHGVATVAEKTKEQVTNVGGAVVTGVTAVAQKTVEGAGSIAAATGFVKKDQLGK, , , 
P37840, Alpha-synuclein, Homo sapiens, 9606, DP00070, DP00070r026, 1, 102, Structural transition, IDPO:00050, ECO:0006198, pmid:11286556, MDVFMKGLSKAKEGVVAAAEKTKQGVAEAAGKTKEGVLYVGSKTKEGVVHGVATVAEKTKEQVTNVGGAVVTGVTAVAQKTVEGAGSIAAATGFVKKDQLGK, , , 
P37840, Alpha-synuclein, Homo sapiens, 9606, DP00070, DP00070r027, 1, 102, Molecular function, GO:0008289, ECO:0006198, pmid:11286556, MDVFMKGLSKAKEGVVAAAEKTKQGVAEAAGKTKEGVLYVGSKTKEGVVHGVATVAEKTKEQVTNVGGAVVTGVTAVAQKTVEGAGSIAAATGFVKKDQLGK, , , 
P37840, Alpha-synuclein, Homo sapiens, 9606, DP00070, DP00070r028, 1, 140, Structural state, IDPO:00076, ECO:0006165, pmid:26808899, MDVFMKGLSKAKEGVVAAAEKTKQGVAEAAGKTKEGVLYVGSKTKEGVVHGVATVAEKTKEQVTNVGGAVVTGVTAVAQKTVEGAGSIAAATGFVKKDQLGKNEEGAPQEGILEDMPVDPDNEAYEMPSEEGYQDYEPEA, , , 
P37840, Alpha-synuclein, Homo sapiens, 9606, DP00070, DP00070r029, 1, 140, Molecular function, GO:0060090, ECO:0006218, pmid:8901511, MDVFMKGLSKAKEGVVAAAEKTKQGVAEAAGKTKEGVLYVGSKTKEGVVHGVATVAEKTKEQVTNVGGAVVTGVTAVAQKTVEGAGSIAAATGFVKKDQLGKNEEGAPQEGILEDMPVDPDNEAYEMPSEEGYQDYEPEA, , , 
P37840, Alpha-synuclein, Homo sapiens, 9606, DP00070, DP00070r030, 1, 140, Structural state, IDPO:00076, ECO:0006200, pmid:8901511, MDVFMKGLSKAKEGVVAAAEKTKQGVAEAAGKTKEGVLYVGSKTKEGVVHGVATVAEKTKEQVTNVGGAVVTGVTAVAQKTVEGAGSIAAATGFVKKDQLGKNEEGAPQEGILEDMPVDPDNEAYEMPSEEGYQDYEPEA, , , 
P37840, Alpha-synuclein, Homo sapiens, 9606, DP00070, DP00070r031, 1, 140, Structural state, IDPO:00076, ECO:0007731, pmid:8901511, MDVFMKGLSKAKEGVVAAAEKTKQGVAEAAGKTKEGVLYVGSKTKEGVVHGVATVAEKTKEQVTNVGGAVVTGVTAVAQKTVEGAGSIAAATGFVKKDQLGKNEEGAPQEGILEDMPVDPDNEAYEMPSEEGYQDYEPEA, , , 
P37840, Alpha-synuclein, Homo sapiens, 9606, DP00070, DP00070r032, 1, 140, Structural state, IDPO:00076, ECO:0006228, pmid:8901511, MDVFMKGLSKAKEGVVAAAEKTKQGVAEAAGKTKEGVLYVGSKTKEGVVHGVATVAEKTKEQVTNVGGAVVTGVTAVAQKTVEGAGSIAAATGFVKKDQLGKNEEGAPQEGILEDMPVDPDNEAYEMPSEEGYQDYEPEA, , , 
P37840, Alpha-synuclein, Homo sapiens, 9606, DP00070, DP00070r033, 61, 95, Biological process, GO:1990000, ECO:0006200, pmid:8901511, EQVTNVGGAVVTGVTAVAQKTVEGAGSIAAATGFV, , , 
P37840, Alpha-synuclein, Homo sapiens, 9606, DP00070, DP00070r034, 1, 102, Molecular function, GO:0008289, ECO:0006204, pmid:11286556, MDVFMKGLSKAKEGVVAAAEKTKQGVAEAAGKTKEGVLYVGSKTKEGVVHGVATVAEKTKEQVTNVGGAVVTGVTAVAQKTVEGAGSIAAATGFVKKDQLGK, , , 
P37840, Alpha-synuclein, Homo sapiens, 9606, DP00070, DP00070r035, 1, 102, Structural transition, IDPO:00050, ECO:0006204, pmid:11286556, MDVFMKGLSKAKEGVVAAAEKTKQGVAEAAGKTKEGVLYVGSKTKEGVVHGVATVAEKTKEQVTNVGGAVVTGVTAVAQKTVEGAGSIAAATGFVKKDQLGK, , , 
P37840, Alpha-synuclein, Homo sapiens, 9606, DP00070, DP00070r036, 1, 102, Biological process, GO:0051179, ECO:0006204, pmid:11286556, MDVFMKGLSKAKEGVVAAAEKTKQGVAEAAGKTKEGVLYVGSKTKEGVVHGVATVAEKTKEQVTNVGGAVVTGVTAVAQKTVEGAGSIAAATGFVKKDQLGK, , , 
P37840, Alpha-synuclein, Homo sapiens, 9606, DP00070, DP00070r037, 1, 103, Structural state, IDPO:00076, ECO:0006165, pmid:11286556, MDVFMKGLSKAKEGVVAAAEKTKQGVAEAAGKTKEGVLYVGSKTKEGVVHGVATVAEKTKEQVTNVGGAVVTGVTAVAQKTVEGAGSIAAATGFVKKDQLGKN, , , 
P37840, Alpha-synuclein, Homo sapiens, 9606, DP00070, DP00070r039, 101, 140, Structural state, IDPO:00076, ECO:0006165, pmid:33797711, GKNEEGAPQEGILEDMPVDPDNEAYEMPSEEGYQDYEPEA, , , 
Q16143, Beta-synuclein, Homo sapiens, 9606, DP00555, DP00555r001, 1, 134, Structural state, IDPO:00076, ECO:0006165, pmid:17681539, MDVFMKGLSMAKEGVVAAAEKTKQGVTEAAEKTKEGVLYVGSKTREGVVQGVASVAEKTKEQASHLGGAVFSGAGNIAAATGLVKREEFPTDLKPEEVAQEAAEEPLIEPLMEPEGESYEDPPQEEYQEYEPEA, , , 
Q16143, Beta-synuclein, Homo sapiens, 9606, DP00555, DP00555r002, 1, 134, Molecular function, GO:0005515, ECO:0006165, pmid:17681539, MDVFMKGLSMAKEGVVAAAEKTKQGVTEAAEKTKEGVLYVGSKTREGVVQGVASVAEKTKEQASHLGGAVFSGAGNIAAATGLVKREEFPTDLKPEEVAQEAAEEPLIEPLMEPEGESYEDPPQEEYQEYEPEA, , , 
P15309, Prostatic acid phosphatase, Homo sapiens, 9606, DP00628, DP00628r001, 248, 286, Structural state, IDPO:00076, ECO:0006165, pmid:19995078, GIHKQKEKSRLQGGVLVNEILNHMKRATQIPSYKKLIMY, , , 
P15309, Prostatic acid phosphatase, Homo sapiens, 9606, DP00628, DP00628r002, 248, 286, Molecular function, GO:0060090, ECO:0006165, pmid:19995078, GIHKQKEKSRLQGGVLVNEILNHMKRATQIPSYKKLIMY, , , 
P15309, Prostatic acid phosphatase, Homo sapiens, 9606, DP00628, DP00628r003, 248, 286, Structural transition, IDPO:00050, ECO:0006165, pmid:19995078, GIHKQKEKSRLQGGVLVNEILNHMKRATQIPSYKKLIMY, , , 
O76070, Gamma-synuclein, Homo sapiens, 9606, DP00630, DP00630r001, 1, 127, Structural state, IDPO:00076, ECO:0006165, pmid:17234772, MDVFKKGFSIAKEGVVGAVEKTKQGVTEAAEKTKEGVMYVGAKTKENVVQSVTSVAEKTKEQANAVSEAVVSSVNTVATKTVEEAENIAVTSGVVRKEDLRPSAPQQEGEASKEKEEVAEEAQSGGD, , , 
O76070, Gamma-synuclein, Homo sapiens, 9606, DP00630, DP00630r002, 1, 127, Molecular function, GO:0098772, ECO:0006165, pmid:17234772, MDVFKKGFSIAKEGVVGAVEKTKQGVTEAAEKTKEGVMYVGAKTKENVVQSVTSVAEKTKEQANAVSEAVVSSVNTVATKTVEEAENIAVTSGVVRKEDLRPSAPQQEGEASKEKEEVAEEAQSGGD, , , 
O76070, Gamma-synuclein, Homo sapiens, 9606, DP00630, DP00630r003, 1, 127, Molecular function, GO:0005515, ECO:0006165, pmid:17234772, MDVFKKGFSIAKEGVVGAVEKTKQGVTEAAEKTKEGVMYVGAKTKENVVQSVTSVAEKTKEQANAVSEAVVSSVNTVATKTVEEAENIAVTSGVVRKEDLRPSAPQQEGEASKEKEEVAEEAQSGGD, , , 
O76070, Gamma-synuclein, Homo sapiens, 9606, DP00630, DP00630r004, 1, 127, Structural state, IDPO:00076, ECO:0006204, pmid:17234772, MDVFKKGFSIAKEGVVGAVEKTKQGVTEAAEKTKEGVMYVGAKTKENVVQSVTSVAEKTKEQANAVSEAVVSSVNTVATKTVEEAENIAVTSGVVRKEDLRPSAPQQEGEASKEKEEVAEEAQSGGD, , , 
O76070, Gamma-synuclein, Homo sapiens, 9606, DP00630, DP00630r005, 1, 127, Molecular function, GO:0098772, ECO:0006204, pmid:17234772, MDVFKKGFSIAKEGVVGAVEKTKQGVTEAAEKTKEGVMYVGAKTKENVVQSVTSVAEKTKEQANAVSEAVVSSVNTVATKTVEEAENIAVTSGVVRKEDLRPSAPQQEGEASKEKEEVAEEAQSGGD, , , 
O76070, Gamma-synuclein, Homo sapiens, 9606, DP00630, DP00630r006, 1, 127, Molecular function, GO:0005515, ECO:0006204, pmid:17234772, MDVFKKGFSIAKEGVVGAVEKTKQGVTEAAEKTKEGVMYVGAKTKENVVQSVTSVAEKTKEQANAVSEAVVSSVNTVATKTVEEAENIAVTSGVVRKEDLRPSAPQQEGEASKEKEEVAEEAQSGGD, , , 
Q7LKB1, Prion protein, Saccharomyces cerevisiae, 4932, DP01051, DP01051r001, 1, 253, Structural state, IDPO:00076, ECO:0006204, pmid:11685242, MSDSNQGNNQQNYQQYSQNGNQQQGNNRYQGYQAYNAQAQPAGGYYQNYQGYSGYQQGGYQQYNPDAGYQQQYNPQGGYQQYNPQGGYQQQFNPQGGRGNYKNFNYNNNLQGYQAGFQPQSQGMSLNDFQKQQKQAAPKPKKTLKLVSSSGIKLANATKKVDTKPAESDKKEEEKSAETKEPTKEPTKVEEPVKKEEKPVQTEEKTEEKSELPKVEDLKISESTHNTNNANVTSADALIKEQEEEVDDEVVND, , , 
Q7LKB1, Prion protein, Saccharomyces cerevisiae, 4932, DP01051, DP01051r002, 1, 253, Molecular function, GO:0005515, ECO:0006204, pmid:11685242, MSDSNQGNNQQNYQQYSQNGNQQQGNNRYQGYQAYNAQAQPAGGYYQNYQGYSGYQQGGYQQYNPDAGYQQQYNPQGGYQQYNPQGGYQQQFNPQGGRGNYKNFNYNNNLQGYQAGFQPQSQGMSLNDFQKQQKQAAPKPKKTLKLVSSSGIKLANATKKVDTKPAESDKKEEEKSAETKEPTKEPTKVEEPVKKEEKPVQTEEKTEEKSELPKVEDLKISESTHNTNNANVTSADALIKEQEEEVDDEVVND, , , 
P10636-8, Isoform Tau-F of Microtubule-associated protein tau, Homo sapiens, 9606, DP01100, DP01100r001, 1, 441, Structural state, IDPO:00076, ECO:0006210, pmid:7929085, MAEPRQEFEVMEDHAGTYGLGDRKDQGGYTMHQDQEGDTDAGLKESPLQTPTEDGSEEPGSETSDAKSTPTAEDVTAPLVDEGAPGKQAAAQPHTEIPEGTTAEEAGIGDTPSLEDEAAGHVTQARMVSKSKDGTGSDDKKAKGADGKTKIATPRGAAPPGQKGQANATRIPAKTPPAPKTPPSSGEPPKSGDRSGYSSPGSPGTPGSRSRTPSLPTPPTREPKKVAVVRTPPKSPSSAKSRLQTAPVPMPDLKNVKSKIGSTENLKHQPGGGKVQIINKKLDLSNVQSKCGSKDNIKHVPGGGSVQIVYKPVDLSKVTSKCGSLGNIHHKPGGGQVEVKSEKLDFKDRVQSKIGSLDNITHVPGGGNKKIETHKLTFRENAKAKTDHGAEIVYKSPVVSGDTSPRHLSNVSSTGSIDMVDSPQLATLADEVSASLAKQGL, , , 
P10636-8, Isoform Tau-F of Microtubule-associated protein tau, Homo sapiens, 9606, DP01100, DP01100r027, 1, 441, Structural state, IDPO:00076, ECO:0006228, pmid:14769047, MAEPRQEFEVMEDHAGTYGLGDRKDQGGYTMHQDQEGDTDAGLKESPLQTPTEDGSEEPGSETSDAKSTPTAEDVTAPLVDEGAPGKQAAAQPHTEIPEGTTAEEAGIGDTPSLEDEAAGHVTQARMVSKSKDGTGSDDKKAKGADGKTKIATPRGAAPPGQKGQANATRIPAKTPPAPKTPPSSGEPPKSGDRSGYSSPGSPGTPGSRSRTPSLPTPPTREPKKVAVVRTPPKSPSSAKSRLQTAPVPMPDLKNVKSKIGSTENLKHQPGGGKVQIINKKLDLSNVQSKCGSKDNIKHVPGGGSVQIVYKPVDLSKVTSKCGSLGNIHHKPGGGQVEVKSEKLDFKDRVQSKIGSLDNITHVPGGGNKKIETHKLTFRENAKAKTDHGAEIVYKSPVVSGDTSPRHLSNVSSTGSIDMVDSPQLATLADEVSASLAKQGL, , , 
P10636-8, Isoform Tau-F of Microtubule-associated protein tau, Homo sapiens, 9606, DP01100, DP01100r028, 1, 441, Biological process, GO:1990000, ECO:0006204, pmid:14769047, MAEPRQEFEVMEDHAGTYGLGDRKDQGGYTMHQDQEGDTDAGLKESPLQTPTEDGSEEPGSETSDAKSTPTAEDVTAPLVDEGAPGKQAAAQPHTEIPEGTTAEEAGIGDTPSLEDEAAGHVTQARMVSKSKDGTGSDDKKAKGADGKTKIATPRGAAPPGQKGQANATRIPAKTPPAPKTPPSSGEPPKSGDRSGYSSPGSPGTPGSRSRTPSLPTPPTREPKKVAVVRTPPKSPSSAKSRLQTAPVPMPDLKNVKSKIGSTENLKHQPGGGKVQIINKKLDLSNVQSKCGSKDNIKHVPGGGSVQIVYKPVDLSKVTSKCGSLGNIHHKPGGGQVEVKSEKLDFKDRVQSKIGSLDNITHVPGGGNKKIETHKLTFRENAKAKTDHGAEIVYKSPVVSGDTSPRHLSNVSSTGSIDMVDSPQLATLADEVSASLAKQGL, , , 
P10636-8, Isoform Tau-F of Microtubule-associated protein tau, Homo sapiens, 9606, DP01100, DP01100r029, 1, 441, Biological process, GO:1990000, ECO:0006228, pmid:14769047, MAEPRQEFEVMEDHAGTYGLGDRKDQGGYTMHQDQEGDTDAGLKESPLQTPTEDGSEEPGSETSDAKSTPTAEDVTAPLVDEGAPGKQAAAQPHTEIPEGTTAEEAGIGDTPSLEDEAAGHVTQARMVSKSKDGTGSDDKKAKGADGKTKIATPRGAAPPGQKGQANATRIPAKTPPAPKTPPSSGEPPKSGDRSGYSSPGSPGTPGSRSRTPSLPTPPTREPKKVAVVRTPPKSPSSAKSRLQTAPVPMPDLKNVKSKIGSTENLKHQPGGGKVQIINKKLDLSNVQSKCGSKDNIKHVPGGGSVQIVYKPVDLSKVTSKCGSLGNIHHKPGGGQVEVKSEKLDFKDRVQSKIGSLDNITHVPGGGNKKIETHKLTFRENAKAKTDHGAEIVYKSPVVSGDTSPRHLSNVSSTGSIDMVDSPQLATLADEVSASLAKQGL, , , 
P10636-8, Isoform Tau-F of Microtubule-associated protein tau, Homo sapiens, 9606, DP01100, DP01100r032, 1, 441, Biological process, GO:1990000, ECO:0001232, pmid:14769047, MAEPRQEFEVMEDHAGTYGLGDRKDQGGYTMHQDQEGDTDAGLKESPLQTPTEDGSEEPGSETSDAKSTPTAEDVTAPLVDEGAPGKQAAAQPHTEIPEGTTAEEAGIGDTPSLEDEAAGHVTQARMVSKSKDGTGSDDKKAKGADGKTKIATPRGAAPPGQKGQANATRIPAKTPPAPKTPPSSGEPPKSGDRSGYSSPGSPGTPGSRSRTPSLPTPPTREPKKVAVVRTPPKSPSSAKSRLQTAPVPMPDLKNVKSKIGSTENLKHQPGGGKVQIINKKLDLSNVQSKCGSKDNIKHVPGGGSVQIVYKPVDLSKVTSKCGSLGNIHHKPGGGQVEVKSEKLDFKDRVQSKIGSLDNITHVPGGGNKKIETHKLTFRENAKAKTDHGAEIVYKSPVVSGDTSPRHLSNVSSTGSIDMVDSPQLATLADEVSASLAKQGL, , , 
P10636-8, Isoform Tau-F of Microtubule-associated protein tau, Homo sapiens, 9606, DP01100, DP01100r033, 1, 441, Biological process, GO:1990000, ECO:0000279, pmid:14769047, MAEPRQEFEVMEDHAGTYGLGDRKDQGGYTMHQDQEGDTDAGLKESPLQTPTEDGSEEPGSETSDAKSTPTAEDVTAPLVDEGAPGKQAAAQPHTEIPEGTTAEEAGIGDTPSLEDEAAGHVTQARMVSKSKDGTGSDDKKAKGADGKTKIATPRGAAPPGQKGQANATRIPAKTPPAPKTPPSSGEPPKSGDRSGYSSPGSPGTPGSRSRTPSLPTPPTREPKKVAVVRTPPKSPSSAKSRLQTAPVPMPDLKNVKSKIGSTENLKHQPGGGKVQIINKKLDLSNVQSKCGSKDNIKHVPGGGSVQIVYKPVDLSKVTSKCGSLGNIHHKPGGGQVEVKSEKLDFKDRVQSKIGSLDNITHVPGGGNKKIETHKLTFRENAKAKTDHGAEIVYKSPVVSGDTSPRHLSNVSSTGSIDMVDSPQLATLADEVSASLAKQGL, , , 
P10636-8, Isoform Tau-F of Microtubule-associated protein tau, Homo sapiens, 9606, DP01100, DP01100r034, 1, 441, Biological process, GO:1990000, ECO:0007689, pmid:14769047, MAEPRQEFEVMEDHAGTYGLGDRKDQGGYTMHQDQEGDTDAGLKESPLQTPTEDGSEEPGSETSDAKSTPTAEDVTAPLVDEGAPGKQAAAQPHTEIPEGTTAEEAGIGDTPSLEDEAAGHVTQARMVSKSKDGTGSDDKKAKGADGKTKIATPRGAAPPGQKGQANATRIPAKTPPAPKTPPSSGEPPKSGDRSGYSSPGSPGTPGSRSRTPSLPTPPTREPKKVAVVRTPPKSPSSAKSRLQTAPVPMPDLKNVKSKIGSTENLKHQPGGGKVQIINKKLDLSNVQSKCGSKDNIKHVPGGGSVQIVYKPVDLSKVTSKCGSLGNIHHKPGGGQVEVKSEKLDFKDRVQSKIGSLDNITHVPGGGNKKIETHKLTFRENAKAKTDHGAEIVYKSPVVSGDTSPRHLSNVSSTGSIDMVDSPQLATLADEVSASLAKQGL, , , 
P10636-8, Isoform Tau-F of Microtubule-associated protein tau, Homo sapiens, 9606, DP01100, DP01100r035, 1, 441, Structural state, IDPO:00076, ECO:0000269, pmid:7929085, MAEPRQEFEVMEDHAGTYGLGDRKDQGGYTMHQDQEGDTDAGLKESPLQTPTEDGSEEPGSETSDAKSTPTAEDVTAPLVDEGAPGKQAAAQPHTEIPEGTTAEEAGIGDTPSLEDEAAGHVTQARMVSKSKDGTGSDDKKAKGADGKTKIATPRGAAPPGQKGQANATRIPAKTPPAPKTPPSSGEPPKSGDRSGYSSPGSPGTPGSRSRTPSLPTPPTREPKKVAVVRTPPKSPSSAKSRLQTAPVPMPDLKNVKSKIGSTENLKHQPGGGKVQIINKKLDLSNVQSKCGSKDNIKHVPGGGSVQIVYKPVDLSKVTSKCGSLGNIHHKPGGGQVEVKSEKLDFKDRVQSKIGSLDNITHVPGGGNKKIETHKLTFRENAKAKTDHGAEIVYKSPVVSGDTSPRHLSNVSSTGSIDMVDSPQLATLADEVSASLAKQGL, , , 
P10636-8, Isoform Tau-F of Microtubule-associated protein tau, Homo sapiens, 9606, DP01100, DP01100r036, 1, 441, Structural state, IDPO:00076, ECO:0006317, pmid:7929085, MAEPRQEFEVMEDHAGTYGLGDRKDQGGYTMHQDQEGDTDAGLKESPLQTPTEDGSEEPGSETSDAKSTPTAEDVTAPLVDEGAPGKQAAAQPHTEIPEGTTAEEAGIGDTPSLEDEAAGHVTQARMVSKSKDGTGSDDKKAKGADGKTKIATPRGAAPPGQKGQANATRIPAKTPPAPKTPPSSGEPPKSGDRSGYSSPGSPGTPGSRSRTPSLPTPPTREPKKVAVVRTPPKSPSSAKSRLQTAPVPMPDLKNVKSKIGSTENLKHQPGGGKVQIINKKLDLSNVQSKCGSKDNIKHVPGGGSVQIVYKPVDLSKVTSKCGSLGNIHHKPGGGQVEVKSEKLDFKDRVQSKIGSLDNITHVPGGGNKKIETHKLTFRENAKAKTDHGAEIVYKSPVVSGDTSPRHLSNVSSTGSIDMVDSPQLATLADEVSASLAKQGL, , , 
P10636-8, Isoform Tau-F of Microtubule-associated protein tau, Homo sapiens, 9606, DP01100, DP01100r037, 1, 441, Structural state, IDPO:00076, ECO:0007731, pmid:7929085, MAEPRQEFEVMEDHAGTYGLGDRKDQGGYTMHQDQEGDTDAGLKESPLQTPTEDGSEEPGSETSDAKSTPTAEDVTAPLVDEGAPGKQAAAQPHTEIPEGTTAEEAGIGDTPSLEDEAAGHVTQARMVSKSKDGTGSDDKKAKGADGKTKIATPRGAAPPGQKGQANATRIPAKTPPAPKTPPSSGEPPKSGDRSGYSSPGSPGTPGSRSRTPSLPTPPTREPKKVAVVRTPPKSPSSAKSRLQTAPVPMPDLKNVKSKIGSTENLKHQPGGGKVQIINKKLDLSNVQSKCGSKDNIKHVPGGGSVQIVYKPVDLSKVTSKCGSLGNIHHKPGGGQVEVKSEKLDFKDRVQSKIGSLDNITHVPGGGNKKIETHKLTFRENAKAKTDHGAEIVYKSPVVSGDTSPRHLSNVSSTGSIDMVDSPQLATLADEVSASLAKQGL, , , 
P10636-8, Isoform Tau-F of Microtubule-associated protein tau, Homo sapiens, 9606, DP01100, DP01100r038, 1, 441, Biological process, GO:1990000, ECO:0001232, pmid:7929085, MAEPRQEFEVMEDHAGTYGLGDRKDQGGYTMHQDQEGDTDAGLKESPLQTPTEDGSEEPGSETSDAKSTPTAEDVTAPLVDEGAPGKQAAAQPHTEIPEGTTAEEAGIGDTPSLEDEAAGHVTQARMVSKSKDGTGSDDKKAKGADGKTKIATPRGAAPPGQKGQANATRIPAKTPPAPKTPPSSGEPPKSGDRSGYSSPGSPGTPGSRSRTPSLPTPPTREPKKVAVVRTPPKSPSSAKSRLQTAPVPMPDLKNVKSKIGSTENLKHQPGGGKVQIINKKLDLSNVQSKCGSKDNIKHVPGGGSVQIVYKPVDLSKVTSKCGSLGNIHHKPGGGQVEVKSEKLDFKDRVQSKIGSLDNITHVPGGGNKKIETHKLTFRENAKAKTDHGAEIVYKSPVVSGDTSPRHLSNVSSTGSIDMVDSPQLATLADEVSASLAKQGL, , , 
P10636-8, Isoform Tau-F of Microtubule-associated protein tau, Homo sapiens, 9606, DP01100, DP01100r039, 1, 441, Biological process, GO:1990000, ECO:0007062, pmid:7929085, MAEPRQEFEVMEDHAGTYGLGDRKDQGGYTMHQDQEGDTDAGLKESPLQTPTEDGSEEPGSETSDAKSTPTAEDVTAPLVDEGAPGKQAAAQPHTEIPEGTTAEEAGIGDTPSLEDEAAGHVTQARMVSKSKDGTGSDDKKAKGADGKTKIATPRGAAPPGQKGQANATRIPAKTPPAPKTPPSSGEPPKSGDRSGYSSPGSPGTPGSRSRTPSLPTPPTREPKKVAVVRTPPKSPSSAKSRLQTAPVPMPDLKNVKSKIGSTENLKHQPGGGKVQIINKKLDLSNVQSKCGSKDNIKHVPGGGSVQIVYKPVDLSKVTSKCGSLGNIHHKPGGGQVEVKSEKLDFKDRVQSKIGSLDNITHVPGGGNKKIETHKLTFRENAKAKTDHGAEIVYKSPVVSGDTSPRHLSNVSSTGSIDMVDSPQLATLADEVSASLAKQGL, , , 
P10636-8, Isoform Tau-F of Microtubule-associated protein tau, Homo sapiens, 9606, DP01100, DP01100r040, 1, 441, Biological process, GO:1990000, ECO:0006228, pmid:7929085, MAEPRQEFEVMEDHAGTYGLGDRKDQGGYTMHQDQEGDTDAGLKESPLQTPTEDGSEEPGSETSDAKSTPTAEDVTAPLVDEGAPGKQAAAQPHTEIPEGTTAEEAGIGDTPSLEDEAAGHVTQARMVSKSKDGTGSDDKKAKGADGKTKIATPRGAAPPGQKGQANATRIPAKTPPAPKTPPSSGEPPKSGDRSGYSSPGSPGTPGSRSRTPSLPTPPTREPKKVAVVRTPPKSPSSAKSRLQTAPVPMPDLKNVKSKIGSTENLKHQPGGGKVQIINKKLDLSNVQSKCGSKDNIKHVPGGGSVQIVYKPVDLSKVTSKCGSLGNIHHKPGGGQVEVKSEKLDFKDRVQSKIGSLDNITHVPGGGNKKIETHKLTFRENAKAKTDHGAEIVYKSPVVSGDTSPRHLSNVSSTGSIDMVDSPQLATLADEVSASLAKQGL, , , 
P10636-8, Isoform Tau-F of Microtubule-associated protein tau, Homo sapiens, 9606, DP01100, DP01100r041, 1, 441, Structural state, IDPO:00076, ECO:0006204, pmid:10805776, MAEPRQEFEVMEDHAGTYGLGDRKDQGGYTMHQDQEGDTDAGLKESPLQTPTEDGSEEPGSETSDAKSTPTAEDVTAPLVDEGAPGKQAAAQPHTEIPEGTTAEEAGIGDTPSLEDEAAGHVTQARMVSKSKDGTGSDDKKAKGADGKTKIATPRGAAPPGQKGQANATRIPAKTPPAPKTPPSSGEPPKSGDRSGYSSPGSPGTPGSRSRTPSLPTPPTREPKKVAVVRTPPKSPSSAKSRLQTAPVPMPDLKNVKSKIGSTENLKHQPGGGKVQIINKKLDLSNVQSKCGSKDNIKHVPGGGSVQIVYKPVDLSKVTSKCGSLGNIHHKPGGGQVEVKSEKLDFKDRVQSKIGSLDNITHVPGGGNKKIETHKLTFRENAKAKTDHGAEIVYKSPVVSGDTSPRHLSNVSSTGSIDMVDSPQLATLADEVSASLAKQGL, , , 
P10636-8, Isoform Tau-F of Microtubule-associated protein tau, Homo sapiens, 9606, DP01100, DP01100r042, 1, 441, Structural state, IDPO:00076, ECO:0006210, pmid:18771286, MAEPRQEFEVMEDHAGTYGLGDRKDQGGYTMHQDQEGDTDAGLKESPLQTPTEDGSEEPGSETSDAKSTPTAEDVTAPLVDEGAPGKQAAAQPHTEIPEGTTAEEAGIGDTPSLEDEAAGHVTQARMVSKSKDGTGSDDKKAKGADGKTKIATPRGAAPPGQKGQANATRIPAKTPPAPKTPPSSGEPPKSGDRSGYSSPGSPGTPGSRSRTPSLPTPPTREPKKVAVVRTPPKSPSSAKSRLQTAPVPMPDLKNVKSKIGSTENLKHQPGGGKVQIINKKLDLSNVQSKCGSKDNIKHVPGGGSVQIVYKPVDLSKVTSKCGSLGNIHHKPGGGQVEVKSEKLDFKDRVQSKIGSLDNITHVPGGGNKKIETHKLTFRENAKAKTDHGAEIVYKSPVVSGDTSPRHLSNVSSTGSIDMVDSPQLATLADEVSASLAKQGL, , , 
P35637, RNA-binding protein FUS, Homo sapiens, 9606, DP01102, DP01102r004, 1, 507, Structural state, IDPO:00076, ECO:0006220, pmid:29677513, MASNDYTQQATQSYGAYPTQPGQGYSQQSSQPYGQQSYSGYSQSTDTSGYGQSSYSSYGQSQNTGYGTQSTPQGYGSTGGYGSSQSSQSSYGQQSSYPGYGQQPAPSSTSGSYGSSSQSSSYGQPQSGSYSQQPSYGGQQQSYGQQQSYNPPQGYGQQNQYNSSSGGGGGGGGGGNYGQDQSSMSSGGGSGGGYGNQDQSGGGGSGGYGQQDRGGRGRGGSGGGGGGGGGGYNRSSGGYEPRGRGGGRGGRGGMGGSDRGGFNKFGGPRDQGSRHDSEQDNSDNNTIFVQGLGENVTIESVADYFKQIGIIKTNKKTGQPMINLYTDRETGKLKGEATVSFDDPPSAKAAIDWFDGKEFSGNPIKVSFATRRADFNRGGGNGRGGRGRGGPMGRGGYGGGGSGGGGRGGFPSGGGGGGGQQRAGDWKCPNPTCENMNFSWRNECNQCKAPKPDGPGGGPGGSHMGGNYGDDRRGGRGGYDRGGYRGRGGDRGGFRGGRGGGDRGGFG, , , 
P35637, RNA-binding protein FUS, Homo sapiens, 9606, DP01102, DP01102r009, 1, 526, Molecular function, GO:0140693, ECO:0006218, pmid:22579281, MASNDYTQQATQSYGAYPTQPGQGYSQQSSQPYGQQSYSGYSQSTDTSGYGQSSYSSYGQSQNTGYGTQSTPQGYGSTGGYGSSQSSQSSYGQQSSYPGYGQQPAPSSTSGSYGSSSQSSSYGQPQSGSYSQQPSYGGQQQSYGQQQSYNPPQGYGQQNQYNSSSGGGGGGGGGGNYGQDQSSMSSGGGSGGGYGNQDQSGGGGSGGYGQQDRGGRGRGGSGGGGGGGGGGYNRSSGGYEPRGRGGGRGGRGGMGGSDRGGFNKFGGPRDQGSRHDSEQDNSDNNTIFVQGLGENVTIESVADYFKQIGIIKTNKKTGQPMINLYTDRETGKLKGEATVSFDDPPSAKAAIDWFDGKEFSGNPIKVSFATRRADFNRGGGNGRGGRGRGGPMGRGGYGGGGSGGGGRGGFPSGGGGGGGQQRAGDWKCPNPTCENMNFSWRNECNQCKAPKPDGPGGGPGGSHMGGNYGDDRRGGRGGYDRGGYRGRGGDRGGFRGGRGGGDRGGFGPGKMDSRGEHRQDRRERPY, , , 
P35637, RNA-binding protein FUS, Homo sapiens, 9606, DP01102, DP01102r010, 285, 370, Molecular function, GO:0003723, ECO:0006165, pmid:29677513, NTIFVQGLGENVTIESVADYFKQIGIIKTNKKTGQPMINLYTDRETGKLKGEATVSFDDPPSAKAAIDWFDGKEFSGNPIKVSFAT, , , 
P35637, RNA-binding protein FUS, Homo sapiens, 9606, DP01102, DP01102r011, 285, 370, Structural transition, IDPO:00050, ECO:0006165, pmid:29677513, NTIFVQGLGENVTIESVADYFKQIGIIKTNKKTGQPMINLYTDRETGKLKGEATVSFDDPPSAKAAIDWFDGKEFSGNPIKVSFAT, , , 
P35637, RNA-binding protein FUS, Homo sapiens, 9606, DP01102, DP01102r013, 1, 526, Molecular function, GO:0140693, ECO:0006307, pmid:29677513, MASNDYTQQATQSYGAYPTQPGQGYSQQSSQPYGQQSYSGYSQSTDTSGYGQSSYSSYGQSQNTGYGTQSTPQGYGSTGGYGSSQSSQSSYGQQSSYPGYGQQPAPSSTSGSYGSSSQSSSYGQPQSGSYSQQPSYGGQQQSYGQQQSYNPPQGYGQQNQYNSSSGGGGGGGGGGNYGQDQSSMSSGGGSGGGYGNQDQSGGGGSGGYGQQDRGGRGRGGSGGGGGGGGGGYNRSSGGYEPRGRGGGRGGRGGMGGSDRGGFNKFGGPRDQGSRHDSEQDNSDNNTIFVQGLGENVTIESVADYFKQIGIIKTNKKTGQPMINLYTDRETGKLKGEATVSFDDPPSAKAAIDWFDGKEFSGNPIKVSFATRRADFNRGGGNGRGGRGRGGPMGRGGYGGGGSGGGGRGGFPSGGGGGGGQQRAGDWKCPNPTCENMNFSWRNECNQCKAPKPDGPGGGPGGSHMGGNYGDDRRGGRGGYDRGGYRGRGGDRGGFRGGRGGGDRGGFGPGKMDSRGEHRQDRRERPY, , , 
P35637, RNA-binding protein FUS, Homo sapiens, 9606, DP01102, DP01102r016, 1, 526, Molecular function, GO:0140693, ECO:0006307, pmid:26455390, MASNDYTQQATQSYGAYPTQPGQGYSQQSSQPYGQQSYSGYSQSTDTSGYGQSSYSSYGQSQNTGYGTQSTPQGYGSTGGYGSSQSSQSSYGQQSSYPGYGQQPAPSSTSGSYGSSSQSSSYGQPQSGSYSQQPSYGGQQQSYGQQQSYNPPQGYGQQNQYNSSSGGGGGGGGGGNYGQDQSSMSSGGGSGGGYGNQDQSGGGGSGGYGQQDRGGRGRGGSGGGGGGGGGGYNRSSGGYEPRGRGGGRGGRGGMGGSDRGGFNKFGGPRDQGSRHDSEQDNSDNNTIFVQGLGENVTIESVADYFKQIGIIKTNKKTGQPMINLYTDRETGKLKGEATVSFDDPPSAKAAIDWFDGKEFSGNPIKVSFATRRADFNRGGGNGRGGRGRGGPMGRGGYGGGGSGGGGRGGFPSGGGGGGGQQRAGDWKCPNPTCENMNFSWRNECNQCKAPKPDGPGGGPGGSHMGGNYGDDRRGGRGGYDRGGYRGRGGDRGGFRGGRGGGDRGGFGPGKMDSRGEHRQDRRERPY, , , 
P35637, RNA-binding protein FUS, Homo sapiens, 9606, DP01102, DP01102r018, 1, 526, Cellular component, GO:0043232, ECO:0006323, pmid:22579281, MASNDYTQQATQSYGAYPTQPGQGYSQQSSQPYGQQSYSGYSQSTDTSGYGQSSYSSYGQSQNTGYGTQSTPQGYGSTGGYGSSQSSQSSYGQQSSYPGYGQQPAPSSTSGSYGSSSQSSSYGQPQSGSYSQQPSYGGQQQSYGQQQSYNPPQGYGQQNQYNSSSGGGGGGGGGGNYGQDQSSMSSGGGSGGGYGNQDQSGGGGSGGYGQQDRGGRGRGGSGGGGGGGGGGYNRSSGGYEPRGRGGGRGGRGGMGGSDRGGFNKFGGPRDQGSRHDSEQDNSDNNTIFVQGLGENVTIESVADYFKQIGIIKTNKKTGQPMINLYTDRETGKLKGEATVSFDDPPSAKAAIDWFDGKEFSGNPIKVSFATRRADFNRGGGNGRGGRGRGGPMGRGGYGGGGSGGGGRGGFPSGGGGGGGQQRAGDWKCPNPTCENMNFSWRNECNQCKAPKPDGPGGGPGGSHMGGNYGDDRRGGRGGYDRGGYRGRGGDRGGFRGGRGGGDRGGFGPGKMDSRGEHRQDRRERPY, , , 
P35637, RNA-binding protein FUS, Homo sapiens, 9606, DP01102, DP01102r022, 1, 526, Cellular component, GO:0043232, ECO:0006323, pmid:21541367, MASNDYTQQATQSYGAYPTQPGQGYSQQSSQPYGQQSYSGYSQSTDTSGYGQSSYSSYGQSQNTGYGTQSTPQGYGSTGGYGSSQSSQSSYGQQSSYPGYGQQPAPSSTSGSYGSSSQSSSYGQPQSGSYSQQPSYGGQQQSYGQQQSYNPPQGYGQQNQYNSSSGGGGGGGGGGNYGQDQSSMSSGGGSGGGYGNQDQSGGGGSGGYGQQDRGGRGRGGSGGGGGGGGGGYNRSSGGYEPRGRGGGRGGRGGMGGSDRGGFNKFGGPRDQGSRHDSEQDNSDNNTIFVQGLGENVTIESVADYFKQIGIIKTNKKTGQPMINLYTDRETGKLKGEATVSFDDPPSAKAAIDWFDGKEFSGNPIKVSFATRRADFNRGGGNGRGGRGRGGPMGRGGYGGGGSGGGGRGGFPSGGGGGGGQQRAGDWKCPNPTCENMNFSWRNECNQCKAPKPDGPGGGPGGSHMGGNYGDDRRGGRGGYDRGGYRGRGGDRGGFRGGRGGGDRGGFGPGKMDSRGEHRQDRRERPY, , , 
P35637, RNA-binding protein FUS, Homo sapiens, 9606, DP01102, DP01102r023, 1, 526, Cellular component, GO:0043232, ECO:0006323, pmid:21541367, MASNDYTQQATQSYGAYPTQPGQGYSQQSSQPYGQQSYSGYSQSTDTSGYGQSSYSSYGQSQNTGYGTQSTPQGYGSTGGYGSSQSSQSSYGQQSSYPGYGQQPAPSSTSGSYGSSSQSSSYGQPQSGSYSQQPSYGGQQQSYGQQQSYNPPQGYGQQNQYNSSSGGGGGGGGGGNYGQDQSSMSSGGGSGGGYGNQDQSGGGGSGGYGQQDRGGRGRGGSGGGGGGGGGGYNRSSGGYEPRGRGGGRGGRGGMGGSDRGGFNKFGGPRDQGSRHDSEQDNSDNNTIFVQGLGENVTIESVADYFKQIGIIKTNKKTGQPMINLYTDRETGKLKGEATVSFDDPPSAKAAIDWFDGKEFSGNPIKVSFATRRADFNRGGGNGRGGRGRGGPMGRGGYGGGGSGGGGRGGFPSGGGGGGGQQRAGDWKCPNPTCENMNFSWRNECNQCKAPKPDGPGGGPGGSHMGGNYGDDRRGGRGGYDRGGYRGRGGDRGGFRGGRGGGDRGGFGPGKMDSRGEHRQDRRERPY, , , 
P35637, RNA-binding protein FUS, Homo sapiens, 9606, DP01102, DP01102r024, 1, 422, Cellular component, GO:0043232, ECO:0006323, pmid:21541367, MASNDYTQQATQSYGAYPTQPGQGYSQQSSQPYGQQSYSGYSQSTDTSGYGQSSYSSYGQSQNTGYGTQSTPQGYGSTGGYGSSQSSQSSYGQQSSYPGYGQQPAPSSTSGSYGSSSQSSSYGQPQSGSYSQQPSYGGQQQSYGQQQSYNPPQGYGQQNQYNSSSGGGGGGGGGGNYGQDQSSMSSGGGSGGGYGNQDQSGGGGSGGYGQQDRGGRGRGGSGGGGGGGGGGYNRSSGGYEPRGRGGGRGGRGGMGGSDRGGFNKFGGPRDQGSRHDSEQDNSDNNTIFVQGLGENVTIESVADYFKQIGIIKTNKKTGQPMINLYTDRETGKLKGEATVSFDDPPSAKAAIDWFDGKEFSGNPIKVSFATRRADFNRGGGNGRGGRGRGGPMGRGGYGGGGSGGGGRGGFPSGGGGGGGQQR, , , 
P35637, RNA-binding protein FUS, Homo sapiens, 9606, DP01102, DP01102r025, 1, 526, Cellular component, GO:0043232, ECO:0006323, pmid:26317470, MASNDYTQQATQSYGAYPTQPGQGYSQQSSQPYGQQSYSGYSQSTDTSGYGQSSYSSYGQSQNTGYGTQSTPQGYGSTGGYGSSQSSQSSYGQQSSYPGYGQQPAPSSTSGSYGSSSQSSSYGQPQSGSYSQQPSYGGQQQSYGQQQSYNPPQGYGQQNQYNSSSGGGGGGGGGGNYGQDQSSMSSGGGSGGGYGNQDQSGGGGSGGYGQQDRGGRGRGGSGGGGGGGGGGYNRSSGGYEPRGRGGGRGGRGGMGGSDRGGFNKFGGPRDQGSRHDSEQDNSDNNTIFVQGLGENVTIESVADYFKQIGIIKTNKKTGQPMINLYTDRETGKLKGEATVSFDDPPSAKAAIDWFDGKEFSGNPIKVSFATRRADFNRGGGNGRGGRGRGGPMGRGGYGGGGSGGGGRGGFPSGGGGGGGQQRAGDWKCPNPTCENMNFSWRNECNQCKAPKPDGPGGGPGGSHMGGNYGDDRRGGRGGYDRGGYRGRGGDRGGFRGGRGGGDRGGFGPGKMDSRGEHRQDRRERPY, , , 
P35637, RNA-binding protein FUS, Homo sapiens, 9606, DP01102, DP01102r026, 1, 526, Molecular function, GO:0140693, ECO:0006067, pmid:26317470, MASNDYTQQATQSYGAYPTQPGQGYSQQSSQPYGQQSYSGYSQSTDTSGYGQSSYSSYGQSQNTGYGTQSTPQGYGSTGGYGSSQSSQSSYGQQSSYPGYGQQPAPSSTSGSYGSSSQSSSYGQPQSGSYSQQPSYGGQQQSYGQQQSYNPPQGYGQQNQYNSSSGGGGGGGGGGNYGQDQSSMSSGGGSGGGYGNQDQSGGGGSGGYGQQDRGGRGRGGSGGGGGGGGGGYNRSSGGYEPRGRGGGRGGRGGMGGSDRGGFNKFGGPRDQGSRHDSEQDNSDNNTIFVQGLGENVTIESVADYFKQIGIIKTNKKTGQPMINLYTDRETGKLKGEATVSFDDPPSAKAAIDWFDGKEFSGNPIKVSFATRRADFNRGGGNGRGGRGRGGPMGRGGYGGGGSGGGGRGGFPSGGGGGGGQQRAGDWKCPNPTCENMNFSWRNECNQCKAPKPDGPGGGPGGSHMGGNYGDDRRGGRGGYDRGGYRGRGGDRGGFRGGRGGGDRGGFGPGKMDSRGEHRQDRRERPY, , , 
P35637, RNA-binding protein FUS, Homo sapiens, 9606, DP01102, DP01102r027, 1, 526, Molecular function, GO:0140693, ECO:0006323, pmid:26317470, MASNDYTQQATQSYGAYPTQPGQGYSQQSSQPYGQQSYSGYSQSTDTSGYGQSSYSSYGQSQNTGYGTQSTPQGYGSTGGYGSSQSSQSSYGQQSSYPGYGQQPAPSSTSGSYGSSSQSSSYGQPQSGSYSQQPSYGGQQQSYGQQQSYNPPQGYGQQNQYNSSSGGGGGGGGGGNYGQDQSSMSSGGGSGGGYGNQDQSGGGGSGGYGQQDRGGRGRGGSGGGGGGGGGGYNRSSGGYEPRGRGGGRGGRGGMGGSDRGGFNKFGGPRDQGSRHDSEQDNSDNNTIFVQGLGENVTIESVADYFKQIGIIKTNKKTGQPMINLYTDRETGKLKGEATVSFDDPPSAKAAIDWFDGKEFSGNPIKVSFATRRADFNRGGGNGRGGRGRGGPMGRGGYGGGGSGGGGRGGFPSGGGGGGGQQRAGDWKCPNPTCENMNFSWRNECNQCKAPKPDGPGGGPGGSHMGGNYGDDRRGGRGGYDRGGYRGRGGDRGGFRGGRGGGDRGGFGPGKMDSRGEHRQDRRERPY, , , 
Q13148, TAR DNA-binding protein 43, Homo sapiens, 9606, DP01108, DP01108r001, 266, 414, Structural state, IDPO:00076, ECO:0006165, pmid:29511089, SNRQLERSGRFGGNPGGFGNQGGFGNSRGGGAGLGNNQGSNMGGGMNFGAFSINPAMMAAAQAALQSSWGMMGMLASQQNQSGPSGNNQNQGNMQREPNQAFGSGNNSYSGSNSGAAIGWGSASNAGSGSGFNGGFGSSMDSKSSGWGM, , , 
Q13148, TAR DNA-binding protein 43, Homo sapiens, 9606, DP01108, DP01108r003, 266, 414, Molecular function, GO:0140693, ECO:0001232, pmid:29511089, SNRQLERSGRFGGNPGGFGNQGGFGNSRGGGAGLGNNQGSNMGGGMNFGAFSINPAMMAAAQAALQSSWGMMGMLASQQNQSGPSGNNQNQGNMQREPNQAFGSGNNSYSGSNSGAAIGWGSASNAGSGSGFNGGFGSSMDSKSSGWGM, , , 
Q13148, TAR DNA-binding protein 43, Homo sapiens, 9606, DP01108, DP01108r004, 266, 414, Molecular function, GO:0140693, ECO:0006307, pmid:29511089, SNRQLERSGRFGGNPGGFGNQGGFGNSRGGGAGLGNNQGSNMGGGMNFGAFSINPAMMAAAQAALQSSWGMMGMLASQQNQSGPSGNNQNQGNMQREPNQAFGSGNNSYSGSNSGAAIGWGSASNAGSGSGFNGGFGSSMDSKSSGWGM, , , 
Q13148, TAR DNA-binding protein 43, Homo sapiens, 9606, DP01108, DP01108r005, 267, 414, Structural state, IDPO:00076, ECO:0006165, pmid:27545621, NRQLERSGRFGGNPGGFGNQGGFGNSRGGGAGLGNNQGSNMGGGMNFGAFSINPAMMAAAQAALQSSWGMMGMLASQQNQSGPSGNNQNQGNMQREPNQAFGSGNNSYSGSNSGAAIGWGSASNAGSGSGFNGGFGSSMDSKSSGWGM, , , 
Q13148, TAR DNA-binding protein 43, Homo sapiens, 9606, DP01108, DP01108r006, 267, 414, Molecular function, GO:0140693, ECO:0001232, pmid:27545621, NRQLERSGRFGGNPGGFGNQGGFGNSRGGGAGLGNNQGSNMGGGMNFGAFSINPAMMAAAQAALQSSWGMMGMLASQQNQSGPSGNNQNQGNMQREPNQAFGSGNNSYSGSNSGAAIGWGSASNAGSGSGFNGGFGSSMDSKSSGWGM, , , 
Q13148, TAR DNA-binding protein 43, Homo sapiens, 9606, DP01108, DP01108r007, 267, 414, Molecular function, GO:0140693, ECO:0006067, pmid:27545621, NRQLERSGRFGGNPGGFGNQGGFGNSRGGGAGLGNNQGSNMGGGMNFGAFSINPAMMAAAQAALQSSWGMMGMLASQQNQSGPSGNNQNQGNMQREPNQAFGSGNNSYSGSNSGAAIGWGSASNAGSGSGFNGGFGSSMDSKSSGWGM, , , 
Q13148, TAR DNA-binding protein 43, Homo sapiens, 9606, DP01108, DP01108r008, 267, 414, Molecular function, GO:0140693, ECO:0006307, pmid:27545621, NRQLERSGRFGGNPGGFGNQGGFGNSRGGGAGLGNNQGSNMGGGMNFGAFSINPAMMAAAQAALQSSWGMMGMLASQQNQSGPSGNNQNQGNMQREPNQAFGSGNNSYSGSNSGAAIGWGSASNAGSGSGFNGGFGSSMDSKSSGWGM, , , 
Q13148, TAR DNA-binding protein 43, Homo sapiens, 9606, DP01108, DP01108r009, 321, 343, Molecular function, GO:0140693, ECO:0006307, pmid:27545621, AMMAAAQAALQSSWGMMGMLASQ, , , 
Q13148, TAR DNA-binding protein 43, Homo sapiens, 9606, DP01108, DP01108r010, 266, 414, Molecular function, GO:0140693, ECO:0001232, pmid:28988034, SNRQLERSGRFGGNPGGFGNQGGFGNSRGGGAGLGNNQGSNMGGGMNFGAFSINPAMMAAAQAALQSSWGMMGMLASQQNQSGPSGNNQNQGNMQREPNQAFGSGNNSYSGSNSGAAIGWGSASNAGSGSGFNGGFGSSMDSKSSGWGM, , , 
Q13148, TAR DNA-binding protein 43, Homo sapiens, 9606, DP01108, DP01108r011, 266, 414, Molecular function, GO:0140693, ECO:0006307, pmid:28988034, SNRQLERSGRFGGNPGGFGNQGGFGNSRGGGAGLGNNQGSNMGGGMNFGAFSINPAMMAAAQAALQSSWGMMGMLASQQNQSGPSGNNQNQGNMQREPNQAFGSGNNSYSGSNSGAAIGWGSASNAGSGSGFNGGFGSSMDSKSSGWGM, , , 
Q13148, TAR DNA-binding protein 43, Homo sapiens, 9606, DP01108, DP01108r012, 266, 414, Cellular component, GO:0043232, ECO:0006307, pmid:28988034, SNRQLERSGRFGGNPGGFGNQGGFGNSRGGGAGLGNNQGSNMGGGMNFGAFSINPAMMAAAQAALQSSWGMMGMLASQQNQSGPSGNNQNQGNMQREPNQAFGSGNNSYSGSNSGAAIGWGSASNAGSGSGFNGGFGSSMDSKSSGWGM, , , 
Q13148, TAR DNA-binding protein 43, Homo sapiens, 9606, DP01108, DP01108r013, 263, 414, Structural state, IDPO:00076, ECO:0006204, pmid:26735904, KHNSNRQLERSGRFGGNPGGFGNQGGFGNSRGGGAGLGNNQGSNMGGGMNFGAFSINPAMMAAAQAALQSSWGMMGMLASQQNQSGPSGNNQNQGNMQREPNQAFGSGNNSYSGSNSGAAIGWGSASNAGSGSGFNGGFGSSMDSKSSGWGM, , , 
Q13148, TAR DNA-binding protein 43, Homo sapiens, 9606, DP01108, DP01108r014, 263, 414, Structural state, IDPO:00076, ECO:0006165, pmid:26735904, KHNSNRQLERSGRFGGNPGGFGNQGGFGNSRGGGAGLGNNQGSNMGGGMNFGAFSINPAMMAAAQAALQSSWGMMGMLASQQNQSGPSGNNQNQGNMQREPNQAFGSGNNSYSGSNSGAAIGWGSASNAGSGSGFNGGFGSSMDSKSSGWGM, , , 
Q13148, TAR DNA-binding protein 43, Homo sapiens, 9606, DP01108, DP01108r015, 263, 414, Cellular component, GO:0043232, ECO:0006204, pmid:26735904, KHNSNRQLERSGRFGGNPGGFGNQGGFGNSRGGGAGLGNNQGSNMGGGMNFGAFSINPAMMAAAQAALQSSWGMMGMLASQQNQSGPSGNNQNQGNMQREPNQAFGSGNNSYSGSNSGAAIGWGSASNAGSGSGFNGGFGSSMDSKSSGWGM, , , 
Q13148, TAR DNA-binding protein 43, Homo sapiens, 9606, DP01108, DP01108r016, 263, 414, Cellular component, GO:0043232, ECO:0006165, pmid:26735904, KHNSNRQLERSGRFGGNPGGFGNQGGFGNSRGGGAGLGNNQGSNMGGGMNFGAFSINPAMMAAAQAALQSSWGMMGMLASQQNQSGPSGNNQNQGNMQREPNQAFGSGNNSYSGSNSGAAIGWGSASNAGSGSGFNGGFGSSMDSKSSGWGM, , , 
Q13148, TAR DNA-binding protein 43, Homo sapiens, 9606, DP01108, DP01108r017, 263, 414, Biological process, GO:1990000, ECO:0001249, pmid:26735904, KHNSNRQLERSGRFGGNPGGFGNQGGFGNSRGGGAGLGNNQGSNMGGGMNFGAFSINPAMMAAAQAALQSSWGMMGMLASQQNQSGPSGNNQNQGNMQREPNQAFGSGNNSYSGSNSGAAIGWGSASNAGSGSGFNGGFGSSMDSKSSGWGM, , , 
Q13148, TAR DNA-binding protein 43, Homo sapiens, 9606, DP01108, DP01108r018, 263, 414, Biological process, GO:1990000, ECO:0001232, pmid:26735904, KHNSNRQLERSGRFGGNPGGFGNQGGFGNSRGGGAGLGNNQGSNMGGGMNFGAFSINPAMMAAAQAALQSSWGMMGMLASQQNQSGPSGNNQNQGNMQREPNQAFGSGNNSYSGSNSGAAIGWGSASNAGSGSGFNGGFGSSMDSKSSGWGM, , , 
Q13148, TAR DNA-binding protein 43, Homo sapiens, 9606, DP01108, DP01108r019, 263, 414, Cellular component, GO:0043232, ECO:0001232, pmid:26735904, KHNSNRQLERSGRFGGNPGGFGNQGGFGNSRGGGAGLGNNQGSNMGGGMNFGAFSINPAMMAAAQAALQSSWGMMGMLASQQNQSGPSGNNQNQGNMQREPNQAFGSGNNSYSGSNSGAAIGWGSASNAGSGSGFNGGFGSSMDSKSSGWGM, , , 
Q13148, TAR DNA-binding protein 43, Homo sapiens, 9606, DP01108, DP01108r020, 263, 414, Structural transition, IDPO:00050, ECO:0006204, pmid:26735904, KHNSNRQLERSGRFGGNPGGFGNQGGFGNSRGGGAGLGNNQGSNMGGGMNFGAFSINPAMMAAAQAALQSSWGMMGMLASQQNQSGPSGNNQNQGNMQREPNQAFGSGNNSYSGSNSGAAIGWGSASNAGSGSGFNGGFGSSMDSKSSGWGM, , , 
Q13148, TAR DNA-binding protein 43, Homo sapiens, 9606, DP01108, DP01108r021, 263, 414, Molecular function, GO:0003677, ECO:0006204, pmid:26735904, KHNSNRQLERSGRFGGNPGGFGNQGGFGNSRGGGAGLGNNQGSNMGGGMNFGAFSINPAMMAAAQAALQSSWGMMGMLASQQNQSGPSGNNQNQGNMQREPNQAFGSGNNSYSGSNSGAAIGWGSASNAGSGSGFNGGFGSSMDSKSSGWGM, , , 
Q13148, TAR DNA-binding protein 43, Homo sapiens, 9606, DP01108, DP01108r022, 263, 414, Molecular function, GO:0003677, ECO:0006165, pmid:26735904, KHNSNRQLERSGRFGGNPGGFGNQGGFGNSRGGGAGLGNNQGSNMGGGMNFGAFSINPAMMAAAQAALQSSWGMMGMLASQQNQSGPSGNNQNQGNMQREPNQAFGSGNNSYSGSNSGAAIGWGSASNAGSGSGFNGGFGSSMDSKSSGWGM, , , 
Q13148, TAR DNA-binding protein 43, Homo sapiens, 9606, DP01108, DP01108r023, 263, 414, Structural transition, IDPO:00050, ECO:0006165, pmid:26735904, KHNSNRQLERSGRFGGNPGGFGNQGGFGNSRGGGAGLGNNQGSNMGGGMNFGAFSINPAMMAAAQAALQSSWGMMGMLASQQNQSGPSGNNQNQGNMQREPNQAFGSGNNSYSGSNSGAAIGWGSASNAGSGSGFNGGFGSSMDSKSSGWGM, , , 
Q13148, TAR DNA-binding protein 43, Homo sapiens, 9606, DP01108, DP01108r024, 263, 414, Molecular function, GO:0008289, ECO:0006204, pmid:26735904, KHNSNRQLERSGRFGGNPGGFGNQGGFGNSRGGGAGLGNNQGSNMGGGMNFGAFSINPAMMAAAQAALQSSWGMMGMLASQQNQSGPSGNNQNQGNMQREPNQAFGSGNNSYSGSNSGAAIGWGSASNAGSGSGFNGGFGSSMDSKSSGWGM, , , 
Q13148, TAR DNA-binding protein 43, Homo sapiens, 9606, DP01108, DP01108r025, 263, 414, Molecular function, GO:0008289, ECO:0006165, pmid:26735904, KHNSNRQLERSGRFGGNPGGFGNQGGFGNSRGGGAGLGNNQGSNMGGGMNFGAFSINPAMMAAAQAALQSSWGMMGMLASQQNQSGPSGNNQNQGNMQREPNQAFGSGNNSYSGSNSGAAIGWGSASNAGSGSGFNGGFGSSMDSKSSGWGM, , , 
Q13148, TAR DNA-binding protein 43, Homo sapiens, 9606, DP01108, DP01108r026, 1, 414, Cellular component, GO:0043232, ECO:0006323, pmid:19765185, MSEYIRVTEDENDEPIEIPSEDDGTVLLSTVTAQFPGACGLRYRNPVSQCMRGVRLVEGILHAPDAGWGNLVYVVNYPKDNKRKMDETDASSAVKVKRAVQKTSDLIVLGLPWKTTEQDLKEYFSTFGEVLMVQVKKDLKTGHSKGFGFVRFTEYETQVKVMSQRHMIDGRWCDCKLPNSKQSQDEPLRSRKVFVGRCTEDMTEDELREFFSQYGDVMDVFIPKPFRAFAFVTFADDQIAQSLCGEDLIIKGISVHISNAEPKHNSNRQLERSGRFGGNPGGFGNQGGFGNSRGGGAGLGNNQGSNMGGGMNFGAFSINPAMMAAAQAALQSSWGMMGMLASQQNQSGPSGNNQNQGNMQREPNQAFGSGNNSYSGSNSGAAIGWGSASNAGSGSGFNGGFGSSMDSKSSGWGM, , , 
P05067, Amyloid-beta precursor protein, Homo sapiens, 9606, DP01280, DP01280r001, 672, 711, Structural state, IDPO:00076, ECO:0006204, pmid:9737846, DAEFRHDSGYEVHHQKLVFFAEDVGSNKGAIIGLMVGGVV, , , 
P05067, Amyloid-beta precursor protein, Homo sapiens, 9606, DP01280, DP01280r002, 672, 711, Biological process, GO:1990000, ECO:0006204, pmid:9737846, DAEFRHDSGYEVHHQKLVFFAEDVGSNKGAIIGLMVGGVV, , , 
P05067, Amyloid-beta precursor protein, Homo sapiens, 9606, DP01280, DP01280r003, 672, 711, Structural transition, IDPO:00050, ECO:0006204, pmid:9737846, DAEFRHDSGYEVHHQKLVFFAEDVGSNKGAIIGLMVGGVV, , , 
P05067, Amyloid-beta precursor protein, Homo sapiens, 9606, DP01280, DP01280r005, 672, 711, Structural state, IDPO:00076, ECO:0006204, pmid:26138908, DAEFRHDSGYEVHHQKLVFFAEDVGSNKGAIIGLMVGGVV, , , 
P05067, Amyloid-beta precursor protein, Homo sapiens, 9606, DP01280, DP01280r006, 697, 711, Structural state, IDPO:00076, ECO:0006165, pmid:9737846, SNKGAIIGLMVGGVV, , , 
P05067, Amyloid-beta precursor protein, Homo sapiens, 9606, DP01280, DP01280r007, 697, 711, Disorder function, IDPO:00024, ECO:0006165, pmid:9737846, SNKGAIIGLMVGGVV, , , 
P05067, Amyloid-beta precursor protein, Homo sapiens, 9606, DP01280, DP01280r008, 697, 711, Structural transition, IDPO:00056, ECO:0006165, pmid:9737846, SNKGAIIGLMVGGVV, , , 
P05067, Amyloid-beta precursor protein, Homo sapiens, 9606, DP01280, DP01280r009, 672, 711, Structural state, IDPO:00076, ECO:0006165, pmid:26138908, DAEFRHDSGYEVHHQKLVFFAEDVGSNKGAIIGLMVGGVV, , , 
P36118, Pre-mRNA-splicing factor NTR2, Saccharomyces cerevisiae (strain ATCC 204508 / S288c), 559292, DP01471, DP01471r001, 1, 322, Structural state, IDPO:00076, ECO:0006165, pmid:29490241, MAIKKRNKIRLPSGSPEEVGIDGSAHKPMQQIKPLVSNDSEDDDNDICVLQPIKFKKVPKRDITFDGEQAIKEDNSHYEDLYHSKKNTNASTRNKDDLLILNMEDLMEGNHHLLSDSSEAGSSSEGEHISSIPTRGEIAKLKAQKSLSRRKISESDVTTERDYVKLLDSEDKREIMETIRLNGGLKRNNEKEITNFSDDEMQGFQDEMLALTDNQIAIQKDSKRKIIEKAINEVPYRTNEEWETQLLSKGNINKSNEKIITPLPVLFPDDDESGNSIERINEMVSKICLQRKKVEMRLQALEKTKIDLEKSKASLINKLIGN, , , 
P36118, Pre-mRNA-splicing factor NTR2, Saccharomyces cerevisiae (strain ATCC 204508 / S288c), 559292, DP01471, DP01471r002, 1, 322, Molecular function, GO:0005515, ECO:0006165, pmid:29490241, MAIKKRNKIRLPSGSPEEVGIDGSAHKPMQQIKPLVSNDSEDDDNDICVLQPIKFKKVPKRDITFDGEQAIKEDNSHYEDLYHSKKNTNASTRNKDDLLILNMEDLMEGNHHLLSDSSEAGSSSEGEHISSIPTRGEIAKLKAQKSLSRRKISESDVTTERDYVKLLDSEDKREIMETIRLNGGLKRNNEKEITNFSDDEMQGFQDEMLALTDNQIAIQKDSKRKIIEKAINEVPYRTNEEWETQLLSKGNINKSNEKIITPLPVLFPDDDESGNSIERINEMVSKICLQRKKVEMRLQALEKTKIDLEKSKASLINKLIGN, , , 
P36118, Pre-mRNA-splicing factor NTR2, Saccharomyces cerevisiae (strain ATCC 204508 / S288c), 559292, DP01471, DP01471r003, 1, 322, Structural state, IDPO:00076, ECO:0006204, pmid:29490241, MAIKKRNKIRLPSGSPEEVGIDGSAHKPMQQIKPLVSNDSEDDDNDICVLQPIKFKKVPKRDITFDGEQAIKEDNSHYEDLYHSKKNTNASTRNKDDLLILNMEDLMEGNHHLLSDSSEAGSSSEGEHISSIPTRGEIAKLKAQKSLSRRKISESDVTTERDYVKLLDSEDKREIMETIRLNGGLKRNNEKEITNFSDDEMQGFQDEMLALTDNQIAIQKDSKRKIIEKAINEVPYRTNEEWETQLLSKGNINKSNEKIITPLPVLFPDDDESGNSIERINEMVSKICLQRKKVEMRLQALEKTKIDLEKSKASLINKLIGN, , , 
P36118, Pre-mRNA-splicing factor NTR2, Saccharomyces cerevisiae (strain ATCC 204508 / S288c), 559292, DP01471, DP01471r004, 1, 322, Structural state, IDPO:00076, ECO:0007064, pmid:29490241, MAIKKRNKIRLPSGSPEEVGIDGSAHKPMQQIKPLVSNDSEDDDNDICVLQPIKFKKVPKRDITFDGEQAIKEDNSHYEDLYHSKKNTNASTRNKDDLLILNMEDLMEGNHHLLSDSSEAGSSSEGEHISSIPTRGEIAKLKAQKSLSRRKISESDVTTERDYVKLLDSEDKREIMETIRLNGGLKRNNEKEITNFSDDEMQGFQDEMLALTDNQIAIQKDSKRKIIEKAINEVPYRTNEEWETQLLSKGNINKSNEKIITPLPVLFPDDDESGNSIERINEMVSKICLQRKKVEMRLQALEKTKIDLEKSKASLINKLIGN, , , 
P10997, Islet amyloid polypeptide, Homo sapiens, 9606, DP03417, DP03417r003, 23, 89, Structural state, IDPO:00076, ECO:0006204, pmid:32077246, TPIESHQVEKRKCNTATCATQRLANFLVHSSNNFGAILSSTNVGSNTYGKRNAVEVLKREPLNYLPL, , , 
P10997, Islet amyloid polypeptide, Homo sapiens, 9606, DP03417, DP03417r004, 23, 89, Structural transition, IDPO:00050, ECO:0006204, pmid:32077246, TPIESHQVEKRKCNTATCATQRLANFLVHSSNNFGAILSSTNVGSNTYGKRNAVEVLKREPLNYLPL, , , 
P10997, Islet amyloid polypeptide, Homo sapiens, 9606, DP03417, DP03417r005, 23, 89, Molecular function, GO:0008289, ECO:0006204, pmid:32077246, TPIESHQVEKRKCNTATCATQRLANFLVHSSNNFGAILSSTNVGSNTYGKRNAVEVLKREPLNYLPL, , , 
P10997, Islet amyloid polypeptide, Homo sapiens, 9606, DP03417, DP03417r009, 23, 89, Molecular function, GO:0008289, ECO:0006165, pmid:32077246, TPIESHQVEKRKCNTATCATQRLANFLVHSSNNFGAILSSTNVGSNTYGKRNAVEVLKREPLNYLPL, , , 
P35260, Matrix protein VP40, Lake Victoria marburgvirus (strain Musoke-80), 33727, DP03546, DP03546r001, 1, 35, Structural state, IDPO:00076, ECO:0006220, pmid:26656687, MASSSNYNTYMQYLNPPPYADHGANQLIPADQLSN, , , 
P05453, Eukaryotic peptide chain release factor GTP-binding subunit, Saccharomyces cerevisiae (strain ATCC 204508 / S288c), 559292, DP03548, DP03548r001, 1, 250, Structural state, IDPO:00078, ECO:0001183, pmid:17299036, MSDSNQGNNQQNYQQYSQNGNQQQGNNRYQGYQAYNAQAQPAGGYYQNYQGYSGYQQGGYQQYNPDAGYQQQYNPQGGYQQYNPQGGYQQQFNPQGGRGNYKNFNYNNNLQGYQAGFQPQSQGMSLNDFQKQQKQAAPKPKKTLKLVSSSGIKLANATKKVGTKPAESDKKEEEKSAETKEPTKEPTKVEEPVKKEEKPVQTEEKTEEKSELPKVEDLKISESTHNTNNANVTSADALIKEQEEEVDDEV, , , 
P10636-2, Isoform Fetal-tau of Microtubule-associated protein tau, Homo sapiens, 9606, DP03552, DP03552r001, 1, 352, Structural state, IDPO:00076, ECO:0006210, pmid:18771286, MAEPRQEFEVMEDHAGTYGLGDRKDQGGYTMHQDQEGDTDAGLKAEEAGIGDTPSLEDEAAGHVTQARMVSKSKDGTGSDDKKAKGADGKTKIATPRGAAPPGQKGQANATRIPAKTPPAPKTPPSSGEPPKSGDRSGYSSPGSPGTPGSRSRTPSLPTPPTREPKKVAVVRTPPKSPSSAKSRLQTAPVPMPDLKNVKSKIGSTENLKHQPGGGKVQIVYKPVDLSKVTSKCGSLGNIHHKPGGGQVEVKSEKLDFKDRVQSKIGSLDNITHVPGGGNKKIETHKLTFRENAKAKTDHGAEIVYKSPVVSGDTSPRHLSNVSSTGSIDMVDSPQLATLADEVSASLAKQGL, , , 
